Id:ID¿Type¿IdentifierName¿Value¿Location¿Label:LABEL
0¿Program¿¿¿{"start":{"line":5,"column":0},"end":{"line":98,"column":21}}¿Program
1¿VariableDeclarator¿express¿¿{"start":{"line":5,"column":6},"end":{"line":5,"column":34}}¿VariableDeclarator
2¿CallExpression¿¿¿{"start":{"line":5,"column":16},"end":{"line":5,"column":34}}¿CallExpression
3¿Identifier¿require¿¿{"start":{"line":5,"column":16},"end":{"line":5,"column":23}}¿Identifier
4¿Literal¿¿express¿{"start":{"line":5,"column":24},"end":{"line":5,"column":33}}¿Literal
5¿VariableDeclarator¿mongoose¿¿{"start":{"line":6,"column":6},"end":{"line":6,"column":36}}¿VariableDeclarator
6¿CallExpression¿¿¿{"start":{"line":6,"column":17},"end":{"line":6,"column":36}}¿CallExpression
7¿Identifier¿require¿¿{"start":{"line":6,"column":17},"end":{"line":6,"column":24}}¿Identifier
8¿Literal¿¿mongoose¿{"start":{"line":6,"column":25},"end":{"line":6,"column":35}}¿Literal
9¿ExpressionStatement¿¿¿{"start":{"line":7,"column":0},"end":{"line":7,"column":26}}¿ExpressionStatement
10¿CallExpression¿¿¿{"start":{"line":7,"column":0},"end":{"line":7,"column":25}}¿CallExpression
11¿Identifier¿require¿¿{"start":{"line":7,"column":0},"end":{"line":7,"column":7}}¿Identifier
12¿Literal¿¿./models/users¿{"start":{"line":7,"column":8},"end":{"line":7,"column":24}}¿Literal
13¿ExpressionStatement¿¿¿{"start":{"line":8,"column":0},"end":{"line":8,"column":29}}¿ExpressionStatement
14¿CallExpression¿¿¿{"start":{"line":8,"column":0},"end":{"line":8,"column":28}}¿CallExpression
15¿Identifier¿require¿¿{"start":{"line":8,"column":0},"end":{"line":8,"column":7}}¿Identifier
16¿Literal¿¿./models/patients¿{"start":{"line":8,"column":8},"end":{"line":8,"column":27}}¿Literal
17¿ExpressionStatement¿¿¿{"start":{"line":9,"column":0},"end":{"line":9,"column":32}}¿ExpressionStatement
18¿CallExpression¿¿¿{"start":{"line":9,"column":0},"end":{"line":9,"column":31}}¿CallExpression
19¿Identifier¿require¿¿{"start":{"line":9,"column":0},"end":{"line":9,"column":7}}¿Identifier
20¿Literal¿¿./models/newsletters¿{"start":{"line":9,"column":8},"end":{"line":9,"column":30}}¿Literal
21¿VariableDeclarator¿v1¿¿¿VariableDeclarator
22¿MemberExpression¿¿¿{"start":{"line":10,"column":14},"end":{"line":10,"column":28}}¿MemberExpression
23¿Identifier¿mongoose¿¿{"start":{"line":10,"column":14},"end":{"line":10,"column":22}}¿Identifier
24¿Identifier¿model¿¿{"start":{"line":10,"column":23},"end":{"line":10,"column":28}}¿Identifier
25¿VariableDeclarator¿users¿¿{"start":{"line":10,"column":6},"end":{"line":10,"column":37}}¿VariableDeclarator
26¿CallExpression¿¿¿{"start":{"line":10,"column":14},"end":{"line":10,"column":37}}¿CallExpression
27¿Identifier¿v1¿¿¿Identifier
28¿Literal¿¿users¿{"start":{"line":10,"column":29},"end":{"line":10,"column":36}}¿Literal
29¿VariableDeclarator¿v2¿¿¿VariableDeclarator
30¿MemberExpression¿¿¿{"start":{"line":11,"column":17},"end":{"line":11,"column":31}}¿MemberExpression
31¿Identifier¿mongoose¿¿{"start":{"line":11,"column":17},"end":{"line":11,"column":25}}¿Identifier
32¿Identifier¿model¿¿{"start":{"line":11,"column":26},"end":{"line":11,"column":31}}¿Identifier
33¿VariableDeclarator¿patients¿¿{"start":{"line":11,"column":6},"end":{"line":11,"column":43}}¿VariableDeclarator
34¿CallExpression¿¿¿{"start":{"line":11,"column":17},"end":{"line":11,"column":43}}¿CallExpression
35¿Identifier¿v2¿¿¿Identifier
36¿Literal¿¿patients¿{"start":{"line":11,"column":32},"end":{"line":11,"column":42}}¿Literal
37¿VariableDeclarator¿v3¿¿¿VariableDeclarator
38¿MemberExpression¿¿¿{"start":{"line":12,"column":20},"end":{"line":12,"column":34}}¿MemberExpression
39¿Identifier¿mongoose¿¿{"start":{"line":12,"column":20},"end":{"line":12,"column":28}}¿Identifier
40¿Identifier¿model¿¿{"start":{"line":12,"column":29},"end":{"line":12,"column":34}}¿Identifier
41¿VariableDeclarator¿newsletters¿¿{"start":{"line":12,"column":6},"end":{"line":12,"column":49}}¿VariableDeclarator
42¿CallExpression¿¿¿{"start":{"line":12,"column":20},"end":{"line":12,"column":49}}¿CallExpression
43¿Identifier¿v3¿¿¿Identifier
44¿Literal¿¿newsletters¿{"start":{"line":12,"column":35},"end":{"line":12,"column":48}}¿Literal
45¿VariableDeclarator¿app¿¿{"start":{"line":13,"column":6},"end":{"line":13,"column":21}}¿VariableDeclarator
46¿CallExpression¿¿¿{"start":{"line":13,"column":12},"end":{"line":13,"column":21}}¿CallExpression
47¿Identifier¿express¿¿{"start":{"line":13,"column":12},"end":{"line":13,"column":19}}¿Identifier
48¿VariableDeclarator¿v4¿¿¿VariableDeclarator
49¿MemberExpression¿¿¿{"start":{"line":14,"column":15},"end":{"line":14,"column":29}}¿MemberExpression
50¿Identifier¿express¿¿{"start":{"line":14,"column":15},"end":{"line":14,"column":22}}¿Identifier
51¿Identifier¿Router¿¿{"start":{"line":14,"column":23},"end":{"line":14,"column":29}}¿Identifier
52¿VariableDeclarator¿router¿¿{"start":{"line":14,"column":6},"end":{"line":14,"column":31}}¿VariableDeclarator
53¿CallExpression¿¿¿{"start":{"line":14,"column":15},"end":{"line":14,"column":31}}¿CallExpression
54¿Identifier¿v4¿¿¿Identifier
55¿VariableDeclarator¿v5¿¿¿VariableDeclarator
56¿MemberExpression¿¿¿{"start":{"line":22,"column":0},"end":{"line":22,"column":11}}¿MemberExpression
57¿Identifier¿router¿¿{"start":{"line":22,"column":0},"end":{"line":22,"column":6}}¿Identifier
58¿Identifier¿post¿¿{"start":{"line":22,"column":7},"end":{"line":22,"column":11}}¿Identifier
59¿VariableDeclarator¿v23¿¿¿VariableDeclarator
60¿FunctionExpression¿60_anon¿¿{"start":{"line":22,"column":31},"end":{"line":38,"column":1}}¿FunctionExpression
61¿Identifier¿req¿¿{"start":{"line":22,"column":40},"end":{"line":22,"column":43}}¿Identifier
62¿Identifier¿res¿¿{"start":{"line":22,"column":45},"end":{"line":22,"column":48}}¿Identifier
63¿VariableDeclarator¿v6¿¿¿VariableDeclarator
64¿MemberExpression¿¿¿{"start":{"line":23,"column":40},"end":{"line":23,"column":48}}¿MemberExpression
65¿Identifier¿req¿¿{"start":{"line":23,"column":40},"end":{"line":23,"column":43}}¿Identifier
66¿Identifier¿body¿¿{"start":{"line":23,"column":44},"end":{"line":23,"column":48}}¿Identifier
67¿VariableDeclarator¿username¿¿¿VariableDeclarator
68¿MemberExpression¿¿¿¿MemberExpression
69¿Identifier¿v6¿¿¿Identifier
70¿Identifier¿username¿¿{"start":{"line":23,"column":10},"end":{"line":23,"column":18}}¿Identifier
71¿VariableDeclarator¿password¿¿¿VariableDeclarator
72¿MemberExpression¿¿¿¿MemberExpression
73¿Identifier¿v6¿¿¿Identifier
74¿Identifier¿password¿¿{"start":{"line":23,"column":20},"end":{"line":23,"column":28}}¿Identifier
75¿VariableDeclarator¿email¿¿¿VariableDeclarator
76¿MemberExpression¿¿¿¿MemberExpression
77¿Identifier¿v6¿¿¿Identifier
78¿Identifier¿email¿¿{"start":{"line":23,"column":30},"end":{"line":23,"column":35}}¿Identifier
79¿VariableDeclarator¿v7¿¿¿VariableDeclarator
80¿UnaryExpression¿¿¿{"start":{"line":24,"column":6},"end":{"line":24,"column":15}}¿UnaryExpression
81¿Identifier¿password¿¿{"start":{"line":24,"column":7},"end":{"line":24,"column":15}}¿Identifier
82¿VariableDeclarator¿v8¿¿¿VariableDeclarator
83¿UnaryExpression¿¿¿{"start":{"line":24,"column":19},"end":{"line":24,"column":28}}¿UnaryExpression
84¿Identifier¿username¿¿{"start":{"line":24,"column":20},"end":{"line":24,"column":28}}¿Identifier
85¿VariableDeclarator¿v9¿¿¿VariableDeclarator
86¿LogicalExpression¿¿¿{"start":{"line":24,"column":6},"end":{"line":24,"column":28}}¿LogicalExpression
87¿Identifier¿v7¿¿¿Identifier
88¿Identifier¿v8¿¿¿Identifier
89¿IfStatement¿¿¿{"start":{"line":24,"column":2},"end":{"line":24,"column":96}}¿IfStatement
90¿Identifier¿v9¿¿¿Identifier
91¿VariableDeclarator¿v10¿¿¿VariableDeclarator
92¿MemberExpression¿¿¿{"start":{"line":24,"column":32},"end":{"line":24,"column":42}}¿MemberExpression
93¿Identifier¿res¿¿{"start":{"line":24,"column":32},"end":{"line":24,"column":35}}¿Identifier
94¿Identifier¿status¿¿{"start":{"line":24,"column":36},"end":{"line":24,"column":42}}¿Identifier
95¿VariableDeclarator¿v11¿¿¿VariableDeclarator
96¿CallExpression¿¿¿{"start":{"line":24,"column":32},"end":{"line":24,"column":47}}¿CallExpression
97¿Identifier¿v10¿¿¿Identifier
98¿Literal¿¿400¿{"start":{"line":24,"column":43},"end":{"line":24,"column":46}}¿Literal
99¿VariableDeclarator¿v12¿¿¿VariableDeclarator
100¿MemberExpression¿¿¿{"start":{"line":24,"column":32},"end":{"line":24,"column":52}}¿MemberExpression
101¿Identifier¿v11¿¿¿Identifier
102¿Identifier¿json¿¿{"start":{"line":24,"column":48},"end":{"line":24,"column":52}}¿Identifier
103¿ExpressionStatement¿¿¿{"start":{"line":24,"column":32},"end":{"line":24,"column":86}}¿ExpressionStatement
104¿CallExpression¿¿¿{"start":{"line":24,"column":32},"end":{"line":24,"column":85}}¿CallExpression
105¿Identifier¿v12¿¿¿Identifier
106¿Literal¿¿Missing username or password.¿{"start":{"line":24,"column":53},"end":{"line":24,"column":84}}¿Literal
107¿ReturnStatement¿¿¿{"start":{"line":24,"column":87},"end":{"line":24,"column":94}}¿ReturnStatement
108¿BlockStatement¿¿¿{"start":{"line":24,"column":30},"end":{"line":24,"column":96}}¿BlockStatement
109¿VariableDeclarator¿v13¿¿¿VariableDeclarator
110¿MemberExpression¿¿¿{"start":{"line":27,"column":15},"end":{"line":27,"column":29}}¿MemberExpression
111¿Identifier¿bcrypt¿¿{"start":{"line":27,"column":15},"end":{"line":27,"column":21}}¿Identifier
112¿Identifier¿genSalt¿¿{"start":{"line":27,"column":22},"end":{"line":27,"column":29}}¿Identifier
113¿VariableDeclarator¿salt¿¿{"start":{"line":27,"column":8},"end":{"line":27,"column":33}}¿VariableDeclarator
114¿CallExpression¿¿¿{"start":{"line":27,"column":15},"end":{"line":27,"column":33}}¿CallExpression
115¿Identifier¿v13¿¿¿Identifier
116¿Literal¿¿10¿{"start":{"line":27,"column":30},"end":{"line":27,"column":32}}¿Literal
117¿VariableDeclarator¿v14¿¿¿VariableDeclarator
118¿MemberExpression¿¿¿{"start":{"line":28,"column":25},"end":{"line":28,"column":36}}¿MemberExpression
119¿Identifier¿bcrypt¿¿{"start":{"line":28,"column":25},"end":{"line":28,"column":31}}¿Identifier
120¿Identifier¿hash¿¿{"start":{"line":28,"column":32},"end":{"line":28,"column":36}}¿Identifier
121¿VariableDeclarator¿hashedPassword¿¿{"start":{"line":28,"column":8},"end":{"line":28,"column":52}}¿VariableDeclarator
122¿CallExpression¿¿¿{"start":{"line":28,"column":25},"end":{"line":28,"column":52}}¿CallExpression
123¿Identifier¿v14¿¿¿Identifier
124¿Identifier¿password¿¿{"start":{"line":28,"column":37},"end":{"line":28,"column":45}}¿Identifier
125¿Identifier¿salt¿¿{"start":{"line":28,"column":47},"end":{"line":28,"column":51}}¿Identifier
126¿VariableDeclarator¿v15¿¿¿VariableDeclarator
127¿MemberExpression¿¿¿{"start":{"line":31,"column":72},"end":{"line":31,"column":80}}¿MemberExpression
128¿Identifier¿Date¿¿{"start":{"line":31,"column":72},"end":{"line":31,"column":76}}¿Identifier
129¿Identifier¿now¿¿{"start":{"line":31,"column":77},"end":{"line":31,"column":80}}¿Identifier
130¿VariableDeclarator¿v16¿¿¿VariableDeclarator
131¿CallExpression¿¿¿{"start":{"line":31,"column":72},"end":{"line":31,"column":82}}¿CallExpression
132¿Identifier¿v15¿¿¿Identifier
133¿VariableDeclarator¿user¿¿{"start":{"line":31,"column":8},"end":{"line":31,"column":99}}¿VariableDeclarator
134¿ObjectExpression¿¿¿¿ObjectExpression
135¿ExpressionStatement¿¿¿¿ExpressionStatement
136¿AssignmentExpression¿¿¿¿AssignmentExpression
137¿MemberExpression¿¿¿¿MemberExpression
138¿Identifier¿user¿¿{"start":{"line":31,"column":8},"end":{"line":31,"column":12}}¿Identifier
139¿Identifier¿username¿¿¿Identifier
140¿Identifier¿username¿¿{"start":{"line":31,"column":17},"end":{"line":31,"column":25}}¿Identifier
141¿ExpressionStatement¿¿¿¿ExpressionStatement
142¿AssignmentExpression¿¿¿¿AssignmentExpression
143¿MemberExpression¿¿¿¿MemberExpression
144¿Identifier¿user¿¿{"start":{"line":31,"column":8},"end":{"line":31,"column":12}}¿Identifier
145¿Identifier¿password¿¿¿Identifier
146¿Identifier¿hashedPassword¿¿{"start":{"line":31,"column":37},"end":{"line":31,"column":51}}¿Identifier
147¿ExpressionStatement¿¿¿¿ExpressionStatement
148¿AssignmentExpression¿¿¿¿AssignmentExpression
149¿MemberExpression¿¿¿¿MemberExpression
150¿Identifier¿user¿¿{"start":{"line":31,"column":8},"end":{"line":31,"column":12}}¿Identifier
151¿Identifier¿registration_date¿¿¿Identifier
152¿Identifier¿v16¿¿¿Identifier
153¿ExpressionStatement¿¿¿¿ExpressionStatement
154¿AssignmentExpression¿¿¿¿AssignmentExpression
155¿MemberExpression¿¿¿¿MemberExpression
156¿Identifier¿user¿¿{"start":{"line":31,"column":8},"end":{"line":31,"column":12}}¿Identifier
157¿Identifier¿e_mail¿¿¿Identifier
158¿Identifier¿email¿¿{"start":{"line":31,"column":92},"end":{"line":31,"column":97}}¿Identifier
159¿VariableDeclarator¿v17¿¿¿VariableDeclarator
160¿MemberExpression¿¿¿{"start":{"line":34,"column":2},"end":{"line":34,"column":14}}¿MemberExpression
161¿Identifier¿users¿¿{"start":{"line":34,"column":2},"end":{"line":34,"column":7}}¿Identifier
162¿Identifier¿create¿¿{"start":{"line":34,"column":8},"end":{"line":34,"column":14}}¿Identifier
163¿VariableDeclarator¿v22¿¿¿VariableDeclarator
164¿ArrowFunctionExpression¿164_anon¿¿{"start":{"line":34,"column":21},"end":{"line":37,"column":3}}¿ArrowFunctionExpression
165¿Identifier¿err¿¿{"start":{"line":34,"column":22},"end":{"line":34,"column":25}}¿Identifier
166¿IfStatement¿¿¿{"start":{"line":35,"column":4},"end":{"line":36,"column":29}}¿IfStatement
167¿Identifier¿err¿¿{"start":{"line":35,"column":8},"end":{"line":35,"column":11}}¿Identifier
168¿VariableDeclarator¿v18¿¿¿VariableDeclarator
169¿MemberExpression¿¿¿{"start":{"line":35,"column":15},"end":{"line":35,"column":25}}¿MemberExpression
170¿Identifier¿res¿¿{"start":{"line":35,"column":15},"end":{"line":35,"column":18}}¿Identifier
171¿Identifier¿status¿¿{"start":{"line":35,"column":19},"end":{"line":35,"column":25}}¿Identifier
172¿VariableDeclarator¿v19¿¿¿VariableDeclarator
173¿CallExpression¿¿¿{"start":{"line":35,"column":15},"end":{"line":35,"column":30}}¿CallExpression
174¿Identifier¿v18¿¿¿Identifier
175¿Literal¿¿400¿{"start":{"line":35,"column":26},"end":{"line":35,"column":29}}¿Literal
176¿VariableDeclarator¿v20¿¿¿VariableDeclarator
177¿MemberExpression¿¿¿{"start":{"line":35,"column":15},"end":{"line":35,"column":35}}¿MemberExpression
178¿Identifier¿v19¿¿¿Identifier
179¿Identifier¿json¿¿{"start":{"line":35,"column":31},"end":{"line":35,"column":35}}¿Identifier
180¿ExpressionStatement¿¿¿{"start":{"line":35,"column":15},"end":{"line":35,"column":63}}¿ExpressionStatement
181¿CallExpression¿¿¿{"start":{"line":35,"column":15},"end":{"line":35,"column":62}}¿CallExpression
182¿Identifier¿v20¿¿¿Identifier
183¿Literal¿¿Error registering user.¿{"start":{"line":35,"column":36},"end":{"line":35,"column":61}}¿Literal
184¿ReturnStatement¿¿¿{"start":{"line":35,"column":64},"end":{"line":35,"column":71}}¿ReturnStatement
185¿BlockStatement¿¿¿{"start":{"line":35,"column":13},"end":{"line":35,"column":73}}¿BlockStatement
186¿VariableDeclarator¿v21¿¿¿VariableDeclarator
187¿MemberExpression¿¿¿{"start":{"line":36,"column":9},"end":{"line":36,"column":23}}¿MemberExpression
188¿Identifier¿res¿¿{"start":{"line":36,"column":9},"end":{"line":36,"column":12}}¿Identifier
189¿Identifier¿sendStatus¿¿{"start":{"line":36,"column":13},"end":{"line":36,"column":23}}¿Identifier
190¿BlockStatement¿¿¿{"start":{"line":34,"column":30},"end":{"line":37,"column":3}}¿BlockStatement
191¿ExpressionStatement¿¿¿{"start":{"line":34,"column":2},"end":{"line":37,"column":5}}¿ExpressionStatement
192¿CallExpression¿¿¿{"start":{"line":34,"column":2},"end":{"line":37,"column":4}}¿CallExpression
193¿Identifier¿v17¿¿¿Identifier
194¿Identifier¿user¿¿{"start":{"line":34,"column":15},"end":{"line":34,"column":19}}¿Identifier
195¿Identifier¿v22¿¿¿Identifier
196¿BlockStatement¿¿¿{"start":{"line":22,"column":50},"end":{"line":38,"column":1}}¿BlockStatement
197¿ExpressionStatement¿¿¿{"start":{"line":22,"column":0},"end":{"line":38,"column":3}}¿ExpressionStatement
198¿CallExpression¿¿¿{"start":{"line":22,"column":0},"end":{"line":38,"column":2}}¿CallExpression
199¿Identifier¿v5¿¿¿Identifier
200¿Literal¿¿/register_user¿{"start":{"line":22,"column":12},"end":{"line":22,"column":28}}¿Literal
201¿Identifier¿v23¿¿¿Identifier
202¿VariableDeclarator¿v24¿¿¿VariableDeclarator
203¿MemberExpression¿¿¿{"start":{"line":41,"column":0},"end":{"line":41,"column":11}}¿MemberExpression
204¿Identifier¿router¿¿{"start":{"line":41,"column":0},"end":{"line":41,"column":6}}¿Identifier
205¿Identifier¿post¿¿{"start":{"line":41,"column":7},"end":{"line":41,"column":11}}¿Identifier
206¿VariableDeclarator¿v49¿¿¿VariableDeclarator
207¿FunctionExpression¿207_anon¿¿{"start":{"line":41,"column":32},"end":{"line":56,"column":1}}¿FunctionExpression
208¿Identifier¿req¿¿{"start":{"line":41,"column":41},"end":{"line":41,"column":44}}¿Identifier
209¿Identifier¿res¿¿{"start":{"line":41,"column":46},"end":{"line":41,"column":49}}¿Identifier
210¿VariableDeclarator¿v25¿¿¿VariableDeclarator
211¿MemberExpression¿¿¿{"start":{"line":42,"column":43},"end":{"line":42,"column":51}}¿MemberExpression
212¿Identifier¿req¿¿{"start":{"line":42,"column":43},"end":{"line":42,"column":46}}¿Identifier
213¿Identifier¿body¿¿{"start":{"line":42,"column":47},"end":{"line":42,"column":51}}¿Identifier
214¿VariableDeclarator¿citizencard¿¿¿VariableDeclarator
215¿MemberExpression¿¿¿¿MemberExpression
216¿Identifier¿v25¿¿¿Identifier
217¿Identifier¿citizencard¿¿{"start":{"line":42,"column":10},"end":{"line":42,"column":21}}¿Identifier
218¿VariableDeclarator¿full_name¿¿¿VariableDeclarator
219¿MemberExpression¿¿¿¿MemberExpression
220¿Identifier¿v25¿¿¿Identifier
221¿Identifier¿full_name¿¿{"start":{"line":42,"column":23},"end":{"line":42,"column":32}}¿Identifier
222¿VariableDeclarator¿data¿¿¿VariableDeclarator
223¿MemberExpression¿¿¿¿MemberExpression
224¿Identifier¿v25¿¿¿Identifier
225¿Identifier¿data¿¿{"start":{"line":42,"column":34},"end":{"line":42,"column":38}}¿Identifier
226¿VariableDeclarator¿v26¿¿¿VariableDeclarator
227¿UnaryExpression¿¿¿{"start":{"line":43,"column":6},"end":{"line":43,"column":18}}¿UnaryExpression
228¿Identifier¿citizencard¿¿{"start":{"line":43,"column":7},"end":{"line":43,"column":18}}¿Identifier
229¿VariableDeclarator¿v27¿¿¿VariableDeclarator
230¿UnaryExpression¿¿¿{"start":{"line":43,"column":22},"end":{"line":43,"column":32}}¿UnaryExpression
231¿Identifier¿full_name¿¿{"start":{"line":43,"column":23},"end":{"line":43,"column":32}}¿Identifier
232¿VariableDeclarator¿v28¿¿¿VariableDeclarator
233¿LogicalExpression¿¿¿{"start":{"line":43,"column":6},"end":{"line":43,"column":32}}¿LogicalExpression
234¿Identifier¿v26¿¿¿Identifier
235¿Identifier¿v27¿¿¿Identifier
236¿VariableDeclarator¿v29¿¿¿VariableDeclarator
237¿UnaryExpression¿¿¿{"start":{"line":43,"column":36},"end":{"line":43,"column":41}}¿UnaryExpression
238¿Identifier¿data¿¿{"start":{"line":43,"column":37},"end":{"line":43,"column":41}}¿Identifier
239¿VariableDeclarator¿v30¿¿¿VariableDeclarator
240¿LogicalExpression¿¿¿{"start":{"line":43,"column":6},"end":{"line":43,"column":41}}¿LogicalExpression
241¿Identifier¿v28¿¿¿Identifier
242¿Identifier¿v29¿¿¿Identifier
243¿IfStatement¿¿¿{"start":{"line":43,"column":2},"end":{"line":43,"column":99}}¿IfStatement
244¿Identifier¿v30¿¿¿Identifier
245¿VariableDeclarator¿v31¿¿¿VariableDeclarator
246¿MemberExpression¿¿¿{"start":{"line":43,"column":45},"end":{"line":43,"column":55}}¿MemberExpression
247¿Identifier¿res¿¿{"start":{"line":43,"column":45},"end":{"line":43,"column":48}}¿Identifier
248¿Identifier¿status¿¿{"start":{"line":43,"column":49},"end":{"line":43,"column":55}}¿Identifier
249¿VariableDeclarator¿v32¿¿¿VariableDeclarator
250¿CallExpression¿¿¿{"start":{"line":43,"column":45},"end":{"line":43,"column":60}}¿CallExpression
251¿Identifier¿v31¿¿¿Identifier
252¿Literal¿¿400¿{"start":{"line":43,"column":56},"end":{"line":43,"column":59}}¿Literal
253¿VariableDeclarator¿v33¿¿¿VariableDeclarator
254¿MemberExpression¿¿¿{"start":{"line":43,"column":45},"end":{"line":43,"column":65}}¿MemberExpression
255¿Identifier¿v32¿¿¿Identifier
256¿Identifier¿json¿¿{"start":{"line":43,"column":61},"end":{"line":43,"column":65}}¿Identifier
257¿ExpressionStatement¿¿¿{"start":{"line":43,"column":45},"end":{"line":43,"column":89}}¿ExpressionStatement
258¿CallExpression¿¿¿{"start":{"line":43,"column":45},"end":{"line":43,"column":88}}¿CallExpression
259¿Identifier¿v33¿¿¿Identifier
260¿Literal¿¿Missing information¿{"start":{"line":43,"column":66},"end":{"line":43,"column":87}}¿Literal
261¿ReturnStatement¿¿¿{"start":{"line":43,"column":90},"end":{"line":43,"column":97}}¿ReturnStatement
262¿BlockStatement¿¿¿{"start":{"line":43,"column":43},"end":{"line":43,"column":99}}¿BlockStatement
263¿VariableDeclarator¿v34¿¿¿VariableDeclarator
264¿CallExpression¿¿¿{"start":{"line":47,"column":42},"end":{"line":47,"column":54}}¿CallExpression
265¿Identifier¿generateId¿¿{"start":{"line":47,"column":42},"end":{"line":47,"column":52}}¿Identifier
266¿VariableDeclarator¿v35¿¿¿VariableDeclarator
267¿MemberExpression¿¿¿{"start":{"line":48,"column":16},"end":{"line":48,"column":31}}¿MemberExpression
268¿Identifier¿data¿¿{"start":{"line":48,"column":16},"end":{"line":48,"column":20}}¿Identifier
269¿Identifier¿birth_date¿¿{"start":{"line":48,"column":21},"end":{"line":48,"column":31}}¿Identifier
270¿VariableDeclarator¿v36¿¿¿VariableDeclarator
271¿MemberExpression¿¿¿{"start":{"line":48,"column":41},"end":{"line":48,"column":52}}¿MemberExpression
272¿Identifier¿data¿¿{"start":{"line":48,"column":41},"end":{"line":48,"column":45}}¿Identifier
273¿Identifier¿gender¿¿{"start":{"line":48,"column":46},"end":{"line":48,"column":52}}¿Identifier
274¿VariableDeclarator¿v37¿¿¿VariableDeclarator
275¿MemberExpression¿¿¿{"start":{"line":48,"column":65},"end":{"line":48,"column":79}}¿MemberExpression
276¿Identifier¿data¿¿{"start":{"line":48,"column":65},"end":{"line":48,"column":69}}¿Identifier
277¿Identifier¿ss_number¿¿{"start":{"line":48,"column":70},"end":{"line":48,"column":79}}¿Identifier
278¿VariableDeclarator¿v38¿¿¿VariableDeclarator
279¿MemberExpression¿¿¿{"start":{"line":49,"column":11},"end":{"line":49,"column":21}}¿MemberExpression
280¿Identifier¿data¿¿{"start":{"line":49,"column":11},"end":{"line":49,"column":15}}¿Identifier
281¿Identifier¿photo¿¿{"start":{"line":49,"column":16},"end":{"line":49,"column":21}}¿Identifier
282¿VariableDeclarator¿v39¿¿¿VariableDeclarator
283¿MemberExpression¿¿¿{"start":{"line":49,"column":32},"end":{"line":49,"column":44}}¿MemberExpression
284¿Identifier¿data¿¿{"start":{"line":49,"column":32},"end":{"line":49,"column":36}}¿Identifier
285¿Identifier¿address¿¿{"start":{"line":49,"column":37},"end":{"line":49,"column":44}}¿Identifier
286¿VariableDeclarator¿v40¿¿¿VariableDeclarator
287¿MemberExpression¿¿¿{"start":{"line":49,"column":61},"end":{"line":49,"column":72}}¿MemberExpression
288¿Identifier¿data¿¿{"start":{"line":49,"column":61},"end":{"line":49,"column":65}}¿Identifier
289¿Identifier¿mobile¿¿{"start":{"line":49,"column":66},"end":{"line":49,"column":72}}¿Identifier
290¿VariableDeclarator¿patient¿¿{"start":{"line":46,"column":8},"end":{"line":49,"column":74}}¿VariableDeclarator
291¿ObjectExpression¿¿¿¿ObjectExpression
292¿ExpressionStatement¿¿¿¿ExpressionStatement
293¿AssignmentExpression¿¿¿¿AssignmentExpression
294¿MemberExpression¿¿¿¿MemberExpression
295¿Identifier¿patient¿¿{"start":{"line":46,"column":8},"end":{"line":46,"column":15}}¿Identifier
296¿Identifier¿citizencard¿¿¿Identifier
297¿Identifier¿citizencard¿¿{"start":{"line":47,"column":17},"end":{"line":47,"column":28}}¿Identifier
298¿ExpressionStatement¿¿¿¿ExpressionStatement
299¿AssignmentExpression¿¿¿¿AssignmentExpression
300¿MemberExpression¿¿¿¿MemberExpression
301¿Identifier¿patient¿¿{"start":{"line":46,"column":8},"end":{"line":46,"column":15}}¿Identifier
302¿Identifier¿patient_id¿¿¿Identifier
303¿Identifier¿v34¿¿¿Identifier
304¿ExpressionStatement¿¿¿¿ExpressionStatement
305¿AssignmentExpression¿¿¿¿AssignmentExpression
306¿MemberExpression¿¿¿¿MemberExpression
307¿Identifier¿patient¿¿{"start":{"line":46,"column":8},"end":{"line":46,"column":15}}¿Identifier
308¿Identifier¿full_name¿¿¿Identifier
309¿Identifier¿full_name¿¿{"start":{"line":47,"column":67},"end":{"line":47,"column":76}}¿Identifier
310¿ExpressionStatement¿¿¿¿ExpressionStatement
311¿AssignmentExpression¿¿¿¿AssignmentExpression
312¿MemberExpression¿¿¿¿MemberExpression
313¿Identifier¿patient¿¿{"start":{"line":46,"column":8},"end":{"line":46,"column":15}}¿Identifier
314¿Identifier¿birth_date¿¿¿Identifier
315¿Identifier¿v35¿¿¿Identifier
316¿ExpressionStatement¿¿¿¿ExpressionStatement
317¿AssignmentExpression¿¿¿¿AssignmentExpression
318¿MemberExpression¿¿¿¿MemberExpression
319¿Identifier¿patient¿¿{"start":{"line":46,"column":8},"end":{"line":46,"column":15}}¿Identifier
320¿Identifier¿gender¿¿¿Identifier
321¿Identifier¿v36¿¿¿Identifier
322¿ExpressionStatement¿¿¿¿ExpressionStatement
323¿AssignmentExpression¿¿¿¿AssignmentExpression
324¿MemberExpression¿¿¿¿MemberExpression
325¿Identifier¿patient¿¿{"start":{"line":46,"column":8},"end":{"line":46,"column":15}}¿Identifier
326¿Identifier¿ss_number¿¿¿Identifier
327¿Identifier¿v37¿¿¿Identifier
328¿ExpressionStatement¿¿¿¿ExpressionStatement
329¿AssignmentExpression¿¿¿¿AssignmentExpression
330¿MemberExpression¿¿¿¿MemberExpression
331¿Identifier¿patient¿¿{"start":{"line":46,"column":8},"end":{"line":46,"column":15}}¿Identifier
332¿Identifier¿photo¿¿¿Identifier
333¿Identifier¿v38¿¿¿Identifier
334¿ExpressionStatement¿¿¿¿ExpressionStatement
335¿AssignmentExpression¿¿¿¿AssignmentExpression
336¿MemberExpression¿¿¿¿MemberExpression
337¿Identifier¿patient¿¿{"start":{"line":46,"column":8},"end":{"line":46,"column":15}}¿Identifier
338¿Identifier¿address¿¿¿Identifier
339¿Identifier¿v39¿¿¿Identifier
340¿ExpressionStatement¿¿¿¿ExpressionStatement
341¿AssignmentExpression¿¿¿¿AssignmentExpression
342¿MemberExpression¿¿¿¿MemberExpression
343¿Identifier¿patient¿¿{"start":{"line":46,"column":8},"end":{"line":46,"column":15}}¿Identifier
344¿Identifier¿mobile_number¿¿¿Identifier
345¿Identifier¿v40¿¿¿Identifier
346¿VariableDeclarator¿v41¿¿¿VariableDeclarator
347¿MemberExpression¿¿¿{"start":{"line":52,"column":2},"end":{"line":52,"column":17}}¿MemberExpression
348¿Identifier¿patients¿¿{"start":{"line":52,"column":2},"end":{"line":52,"column":10}}¿Identifier
349¿Identifier¿create¿¿{"start":{"line":52,"column":11},"end":{"line":52,"column":17}}¿Identifier
350¿VariableDeclarator¿v48¿¿¿VariableDeclarator
351¿ArrowFunctionExpression¿351_anon¿¿{"start":{"line":52,"column":27},"end":{"line":55,"column":3}}¿ArrowFunctionExpression
352¿Identifier¿err¿¿{"start":{"line":52,"column":28},"end":{"line":52,"column":31}}¿Identifier
353¿IfStatement¿¿¿{"start":{"line":53,"column":4},"end":{"line":54,"column":39}}¿IfStatement
354¿Identifier¿err¿¿{"start":{"line":53,"column":8},"end":{"line":53,"column":11}}¿Identifier
355¿VariableDeclarator¿v42¿¿¿VariableDeclarator
356¿MemberExpression¿¿¿{"start":{"line":53,"column":15},"end":{"line":53,"column":25}}¿MemberExpression
357¿Identifier¿res¿¿{"start":{"line":53,"column":15},"end":{"line":53,"column":18}}¿Identifier
358¿Identifier¿status¿¿{"start":{"line":53,"column":19},"end":{"line":53,"column":25}}¿Identifier
359¿VariableDeclarator¿v43¿¿¿VariableDeclarator
360¿CallExpression¿¿¿{"start":{"line":53,"column":15},"end":{"line":53,"column":30}}¿CallExpression
361¿Identifier¿v42¿¿¿Identifier
362¿Literal¿¿400¿{"start":{"line":53,"column":26},"end":{"line":53,"column":29}}¿Literal
363¿VariableDeclarator¿v44¿¿¿VariableDeclarator
364¿MemberExpression¿¿¿{"start":{"line":53,"column":15},"end":{"line":53,"column":35}}¿MemberExpression
365¿Identifier¿v43¿¿¿Identifier
366¿Identifier¿json¿¿{"start":{"line":53,"column":31},"end":{"line":53,"column":35}}¿Identifier
367¿ExpressionStatement¿¿¿{"start":{"line":53,"column":15},"end":{"line":53,"column":63}}¿ExpressionStatement
368¿CallExpression¿¿¿{"start":{"line":53,"column":15},"end":{"line":53,"column":62}}¿CallExpression
369¿Identifier¿v44¿¿¿Identifier
370¿Literal¿¿Error enrolling patient¿{"start":{"line":53,"column":36},"end":{"line":53,"column":61}}¿Literal
371¿ReturnStatement¿¿¿{"start":{"line":53,"column":64},"end":{"line":53,"column":71}}¿ReturnStatement
372¿BlockStatement¿¿¿{"start":{"line":53,"column":13},"end":{"line":53,"column":73}}¿BlockStatement
373¿VariableDeclarator¿v45¿¿¿VariableDeclarator
374¿MemberExpression¿¿¿{"start":{"line":54,"column":9},"end":{"line":54,"column":19}}¿MemberExpression
375¿Identifier¿res¿¿{"start":{"line":54,"column":9},"end":{"line":54,"column":12}}¿Identifier
376¿Identifier¿status¿¿{"start":{"line":54,"column":13},"end":{"line":54,"column":19}}¿Identifier
377¿BlockStatement¿¿¿{"start":{"line":52,"column":36},"end":{"line":55,"column":3}}¿BlockStatement
378¿ExpressionStatement¿¿¿{"start":{"line":52,"column":2},"end":{"line":55,"column":5}}¿ExpressionStatement
379¿CallExpression¿¿¿{"start":{"line":52,"column":2},"end":{"line":55,"column":4}}¿CallExpression
380¿Identifier¿v41¿¿¿Identifier
381¿Identifier¿patient¿¿{"start":{"line":52,"column":18},"end":{"line":52,"column":25}}¿Identifier
382¿Identifier¿v48¿¿¿Identifier
383¿BlockStatement¿¿¿{"start":{"line":41,"column":51},"end":{"line":56,"column":1}}¿BlockStatement
384¿ExpressionStatement¿¿¿{"start":{"line":41,"column":0},"end":{"line":56,"column":3}}¿ExpressionStatement
385¿CallExpression¿¿¿{"start":{"line":41,"column":0},"end":{"line":56,"column":2}}¿CallExpression
386¿Identifier¿v24¿¿¿Identifier
387¿Literal¿¿/enroll_patient¿{"start":{"line":41,"column":12},"end":{"line":41,"column":29}}¿Literal
388¿Identifier¿v49¿¿¿Identifier
389¿VariableDeclarator¿v50¿¿¿VariableDeclarator
390¿MemberExpression¿¿¿{"start":{"line":59,"column":0},"end":{"line":59,"column":10}}¿MemberExpression
391¿Identifier¿router¿¿{"start":{"line":59,"column":0},"end":{"line":59,"column":6}}¿Identifier
392¿Identifier¿get¿¿{"start":{"line":59,"column":7},"end":{"line":59,"column":10}}¿Identifier
393¿VariableDeclarator¿v61¿¿¿VariableDeclarator
394¿FunctionExpression¿394_anon¿¿{"start":{"line":59,"column":27},"end":{"line":67,"column":1}}¿FunctionExpression
395¿Identifier¿req¿¿{"start":{"line":59,"column":36},"end":{"line":59,"column":39}}¿Identifier
396¿Identifier¿res¿¿{"start":{"line":59,"column":41},"end":{"line":59,"column":44}}¿Identifier
397¿VariableDeclarator¿v51¿¿¿VariableDeclarator
398¿MemberExpression¿¿¿{"start":{"line":60,"column":24},"end":{"line":60,"column":34}}¿MemberExpression
399¿Identifier¿req¿¿{"start":{"line":60,"column":24},"end":{"line":60,"column":27}}¿Identifier
400¿Identifier¿params¿¿{"start":{"line":60,"column":28},"end":{"line":60,"column":34}}¿Identifier
401¿VariableDeclarator¿patientId¿¿¿VariableDeclarator
402¿MemberExpression¿¿¿¿MemberExpression
403¿Identifier¿v51¿¿¿Identifier
404¿Identifier¿patientId¿¿{"start":{"line":60,"column":10},"end":{"line":60,"column":19}}¿Identifier
405¿VariableDeclarator¿v52¿¿¿VariableDeclarator
406¿MemberExpression¿¿¿{"start":{"line":63,"column":2},"end":{"line":63,"column":18}}¿MemberExpression
407¿Identifier¿patients¿¿{"start":{"line":63,"column":2},"end":{"line":63,"column":10}}¿Identifier
408¿Identifier¿findOne¿¿{"start":{"line":63,"column":11},"end":{"line":63,"column":18}}¿Identifier
409¿VariableDeclarator¿v53¿¿¿VariableDeclarator
410¿ObjectExpression¿¿¿{"start":{"line":63,"column":19},"end":{"line":63,"column":45}}¿ObjectExpression
411¿Property¿¿¿{"start":{"line":63,"column":21},"end":{"line":63,"column":43}}¿Property
412¿Identifier¿citizencard¿¿{"start":{"line":63,"column":21},"end":{"line":63,"column":32}}¿Identifier
413¿Identifier¿patientId¿¿{"start":{"line":63,"column":34},"end":{"line":63,"column":43}}¿Identifier
414¿VariableDeclarator¿v60¿¿¿VariableDeclarator
415¿ArrowFunctionExpression¿415_anon¿¿{"start":{"line":63,"column":47},"end":{"line":66,"column":3}}¿ArrowFunctionExpression
416¿Identifier¿err¿¿{"start":{"line":63,"column":48},"end":{"line":63,"column":51}}¿Identifier
417¿Identifier¿patient¿¿{"start":{"line":63,"column":53},"end":{"line":63,"column":60}}¿Identifier
418¿IfStatement¿¿¿{"start":{"line":64,"column":4},"end":{"line":65,"column":39}}¿IfStatement
419¿Identifier¿err¿¿{"start":{"line":64,"column":8},"end":{"line":64,"column":11}}¿Identifier
420¿VariableDeclarator¿v54¿¿¿VariableDeclarator
421¿MemberExpression¿¿¿{"start":{"line":64,"column":15},"end":{"line":64,"column":25}}¿MemberExpression
422¿Identifier¿res¿¿{"start":{"line":64,"column":15},"end":{"line":64,"column":18}}¿Identifier
423¿Identifier¿status¿¿{"start":{"line":64,"column":19},"end":{"line":64,"column":25}}¿Identifier
424¿VariableDeclarator¿v55¿¿¿VariableDeclarator
425¿CallExpression¿¿¿{"start":{"line":64,"column":15},"end":{"line":64,"column":30}}¿CallExpression
426¿Identifier¿v54¿¿¿Identifier
427¿Literal¿¿400¿{"start":{"line":64,"column":26},"end":{"line":64,"column":29}}¿Literal
428¿VariableDeclarator¿v56¿¿¿VariableDeclarator
429¿MemberExpression¿¿¿{"start":{"line":64,"column":15},"end":{"line":64,"column":35}}¿MemberExpression
430¿Identifier¿v55¿¿¿Identifier
431¿Identifier¿json¿¿{"start":{"line":64,"column":31},"end":{"line":64,"column":35}}¿Identifier
432¿ExpressionStatement¿¿¿{"start":{"line":64,"column":15},"end":{"line":64,"column":68}}¿ExpressionStatement
433¿CallExpression¿¿¿{"start":{"line":64,"column":15},"end":{"line":64,"column":67}}¿CallExpression
434¿Identifier¿v56¿¿¿Identifier
435¿Literal¿¿Error fetching patient data.¿{"start":{"line":64,"column":36},"end":{"line":64,"column":66}}¿Literal
436¿ReturnStatement¿¿¿{"start":{"line":64,"column":69},"end":{"line":64,"column":76}}¿ReturnStatement
437¿BlockStatement¿¿¿{"start":{"line":64,"column":13},"end":{"line":64,"column":78}}¿BlockStatement
438¿VariableDeclarator¿v57¿¿¿VariableDeclarator
439¿MemberExpression¿¿¿{"start":{"line":65,"column":9},"end":{"line":65,"column":19}}¿MemberExpression
440¿Identifier¿res¿¿{"start":{"line":65,"column":9},"end":{"line":65,"column":12}}¿Identifier
441¿Identifier¿status¿¿{"start":{"line":65,"column":13},"end":{"line":65,"column":19}}¿Identifier
442¿BlockStatement¿¿¿{"start":{"line":63,"column":65},"end":{"line":66,"column":3}}¿BlockStatement
443¿ExpressionStatement¿¿¿{"start":{"line":63,"column":2},"end":{"line":66,"column":5}}¿ExpressionStatement
444¿CallExpression¿¿¿{"start":{"line":63,"column":2},"end":{"line":66,"column":4}}¿CallExpression
445¿Identifier¿v52¿¿¿Identifier
446¿Identifier¿v53¿¿¿Identifier
447¿Identifier¿v60¿¿¿Identifier
448¿BlockStatement¿¿¿{"start":{"line":59,"column":46},"end":{"line":67,"column":1}}¿BlockStatement
449¿ExpressionStatement¿¿¿{"start":{"line":59,"column":0},"end":{"line":67,"column":3}}¿ExpressionStatement
450¿CallExpression¿¿¿{"start":{"line":59,"column":0},"end":{"line":67,"column":2}}¿CallExpression
451¿Identifier¿v50¿¿¿Identifier
452¿Literal¿¿/:patientId¿{"start":{"line":59,"column":11},"end":{"line":59,"column":24}}¿Literal
453¿Identifier¿v61¿¿¿Identifier
454¿VariableDeclarator¿v62¿¿¿VariableDeclarator
455¿MemberExpression¿¿¿{"start":{"line":71,"column":0},"end":{"line":71,"column":11}}¿MemberExpression
456¿Identifier¿router¿¿{"start":{"line":71,"column":0},"end":{"line":71,"column":6}}¿Identifier
457¿Identifier¿post¿¿{"start":{"line":71,"column":7},"end":{"line":71,"column":11}}¿Identifier
458¿VariableDeclarator¿v73¿¿¿VariableDeclarator
459¿FunctionExpression¿459_anon¿¿{"start":{"line":71,"column":28},"end":{"line":80,"column":1}}¿FunctionExpression
460¿Identifier¿req¿¿{"start":{"line":71,"column":37},"end":{"line":71,"column":40}}¿Identifier
461¿Identifier¿res¿¿{"start":{"line":71,"column":42},"end":{"line":71,"column":45}}¿Identifier
462¿VariableDeclarator¿v63¿¿¿VariableDeclarator
463¿MemberExpression¿¿¿{"start":{"line":72,"column":24},"end":{"line":72,"column":34}}¿MemberExpression
464¿Identifier¿req¿¿{"start":{"line":72,"column":24},"end":{"line":72,"column":27}}¿Identifier
465¿Identifier¿params¿¿{"start":{"line":72,"column":28},"end":{"line":72,"column":34}}¿Identifier
466¿VariableDeclarator¿patientId¿¿¿VariableDeclarator
467¿MemberExpression¿¿¿¿MemberExpression
468¿Identifier¿v63¿¿¿Identifier
469¿Identifier¿patientId¿¿{"start":{"line":72,"column":10},"end":{"line":72,"column":19}}¿Identifier
470¿VariableDeclarator¿data¿¿{"start":{"line":73,"column":8},"end":{"line":73,"column":23}}¿VariableDeclarator
471¿MemberExpression¿¿¿{"start":{"line":73,"column":15},"end":{"line":73,"column":23}}¿MemberExpression
472¿Identifier¿req¿¿{"start":{"line":73,"column":15},"end":{"line":73,"column":18}}¿Identifier
473¿Identifier¿body¿¿{"start":{"line":73,"column":19},"end":{"line":73,"column":23}}¿Identifier
474¿VariableDeclarator¿v64¿¿¿VariableDeclarator
475¿MemberExpression¿¿¿{"start":{"line":76,"column":2},"end":{"line":76,"column":27}}¿MemberExpression
476¿Identifier¿patients¿¿{"start":{"line":76,"column":2},"end":{"line":76,"column":10}}¿Identifier
477¿Identifier¿findOneAndUpdate¿¿{"start":{"line":76,"column":11},"end":{"line":76,"column":27}}¿Identifier
478¿VariableDeclarator¿v65¿¿¿VariableDeclarator
479¿ObjectExpression¿¿¿{"start":{"line":76,"column":28},"end":{"line":76,"column":54}}¿ObjectExpression
480¿Property¿¿¿{"start":{"line":76,"column":30},"end":{"line":76,"column":52}}¿Property
481¿Identifier¿citizencard¿¿{"start":{"line":76,"column":30},"end":{"line":76,"column":41}}¿Identifier
482¿Identifier¿patientId¿¿{"start":{"line":76,"column":43},"end":{"line":76,"column":52}}¿Identifier
483¿VariableDeclarator¿v72¿¿¿VariableDeclarator
484¿ArrowFunctionExpression¿484_anon¿¿{"start":{"line":76,"column":62},"end":{"line":79,"column":3}}¿ArrowFunctionExpression
485¿Identifier¿updatedPatient¿¿{"start":{"line":76,"column":63},"end":{"line":76,"column":77}}¿Identifier
486¿Identifier¿err¿¿{"start":{"line":76,"column":79},"end":{"line":76,"column":82}}¿Identifier
487¿IfStatement¿¿¿{"start":{"line":77,"column":4},"end":{"line":78,"column":46}}¿IfStatement
488¿Identifier¿err¿¿{"start":{"line":77,"column":8},"end":{"line":77,"column":11}}¿Identifier
489¿VariableDeclarator¿v66¿¿¿VariableDeclarator
490¿MemberExpression¿¿¿{"start":{"line":77,"column":15},"end":{"line":77,"column":25}}¿MemberExpression
491¿Identifier¿res¿¿{"start":{"line":77,"column":15},"end":{"line":77,"column":18}}¿Identifier
492¿Identifier¿status¿¿{"start":{"line":77,"column":19},"end":{"line":77,"column":25}}¿Identifier
493¿VariableDeclarator¿v67¿¿¿VariableDeclarator
494¿CallExpression¿¿¿{"start":{"line":77,"column":15},"end":{"line":77,"column":30}}¿CallExpression
495¿Identifier¿v66¿¿¿Identifier
496¿Literal¿¿400¿{"start":{"line":77,"column":26},"end":{"line":77,"column":29}}¿Literal
497¿VariableDeclarator¿v68¿¿¿VariableDeclarator
498¿MemberExpression¿¿¿{"start":{"line":77,"column":15},"end":{"line":77,"column":35}}¿MemberExpression
499¿Identifier¿v67¿¿¿Identifier
500¿Identifier¿json¿¿{"start":{"line":77,"column":31},"end":{"line":77,"column":35}}¿Identifier
501¿ExpressionStatement¿¿¿{"start":{"line":77,"column":15},"end":{"line":77,"column":68}}¿ExpressionStatement
502¿CallExpression¿¿¿{"start":{"line":77,"column":15},"end":{"line":77,"column":67}}¿CallExpression
503¿Identifier¿v68¿¿¿Identifier
504¿Literal¿¿Error updating patient data.¿{"start":{"line":77,"column":36},"end":{"line":77,"column":66}}¿Literal
505¿ReturnStatement¿¿¿{"start":{"line":77,"column":69},"end":{"line":77,"column":76}}¿ReturnStatement
506¿BlockStatement¿¿¿{"start":{"line":77,"column":13},"end":{"line":77,"column":78}}¿BlockStatement
507¿VariableDeclarator¿v69¿¿¿VariableDeclarator
508¿MemberExpression¿¿¿{"start":{"line":78,"column":9},"end":{"line":78,"column":19}}¿MemberExpression
509¿Identifier¿res¿¿{"start":{"line":78,"column":9},"end":{"line":78,"column":12}}¿Identifier
510¿Identifier¿status¿¿{"start":{"line":78,"column":13},"end":{"line":78,"column":19}}¿Identifier
511¿BlockStatement¿¿¿{"start":{"line":76,"column":87},"end":{"line":79,"column":3}}¿BlockStatement
512¿ExpressionStatement¿¿¿{"start":{"line":76,"column":2},"end":{"line":79,"column":5}}¿ExpressionStatement
513¿CallExpression¿¿¿{"start":{"line":76,"column":2},"end":{"line":79,"column":4}}¿CallExpression
514¿Identifier¿v64¿¿¿Identifier
515¿Identifier¿v65¿¿¿Identifier
516¿Identifier¿data¿¿{"start":{"line":76,"column":56},"end":{"line":76,"column":60}}¿Identifier
517¿Identifier¿v72¿¿¿Identifier
518¿BlockStatement¿¿¿{"start":{"line":71,"column":47},"end":{"line":80,"column":1}}¿BlockStatement
519¿ExpressionStatement¿¿¿{"start":{"line":71,"column":0},"end":{"line":80,"column":3}}¿ExpressionStatement
520¿CallExpression¿¿¿{"start":{"line":71,"column":0},"end":{"line":80,"column":2}}¿CallExpression
521¿Identifier¿v62¿¿¿Identifier
522¿Literal¿¿/:patientId¿{"start":{"line":71,"column":12},"end":{"line":71,"column":25}}¿Literal
523¿Identifier¿v73¿¿¿Identifier
524¿VariableDeclarator¿v74¿¿¿VariableDeclarator
525¿MemberExpression¿¿¿{"start":{"line":83,"column":0},"end":{"line":83,"column":11}}¿MemberExpression
526¿Identifier¿router¿¿{"start":{"line":83,"column":0},"end":{"line":83,"column":6}}¿Identifier
527¿Identifier¿post¿¿{"start":{"line":83,"column":7},"end":{"line":83,"column":11}}¿Identifier
528¿VariableDeclarator¿v88¿¿¿VariableDeclarator
529¿FunctionExpression¿529_anon¿¿{"start":{"line":83,"column":26},"end":{"line":95,"column":1}}¿FunctionExpression
530¿Identifier¿req¿¿{"start":{"line":83,"column":35},"end":{"line":83,"column":38}}¿Identifier
531¿Identifier¿res¿¿{"start":{"line":83,"column":39},"end":{"line":83,"column":42}}¿Identifier
532¿VariableDeclarator¿v75¿¿¿VariableDeclarator
533¿MemberExpression¿¿¿{"start":{"line":84,"column":21},"end":{"line":84,"column":29}}¿MemberExpression
534¿Identifier¿req¿¿{"start":{"line":84,"column":21},"end":{"line":84,"column":24}}¿Identifier
535¿Identifier¿body¿¿{"start":{"line":84,"column":25},"end":{"line":84,"column":29}}¿Identifier
536¿VariableDeclarator¿e_mail¿¿¿VariableDeclarator
537¿MemberExpression¿¿¿¿MemberExpression
538¿Identifier¿v75¿¿¿Identifier
539¿Identifier¿e_mail¿¿{"start":{"line":84,"column":10},"end":{"line":84,"column":16}}¿Identifier
540¿VariableDeclarator¿v76¿¿¿VariableDeclarator
541¿UnaryExpression¿¿¿{"start":{"line":85,"column":7},"end":{"line":85,"column":14}}¿UnaryExpression
542¿Identifier¿e_mail¿¿{"start":{"line":85,"column":8},"end":{"line":85,"column":14}}¿Identifier
543¿IfStatement¿¿¿{"start":{"line":85,"column":2},"end":{"line":85,"column":72}}¿IfStatement
544¿Identifier¿v76¿¿¿Identifier
545¿VariableDeclarator¿v77¿¿¿VariableDeclarator
546¿MemberExpression¿¿¿{"start":{"line":85,"column":18},"end":{"line":85,"column":28}}¿MemberExpression
547¿Identifier¿res¿¿{"start":{"line":85,"column":18},"end":{"line":85,"column":21}}¿Identifier
548¿Identifier¿status¿¿{"start":{"line":85,"column":22},"end":{"line":85,"column":28}}¿Identifier
549¿VariableDeclarator¿v78¿¿¿VariableDeclarator
550¿CallExpression¿¿¿{"start":{"line":85,"column":18},"end":{"line":85,"column":33}}¿CallExpression
551¿Identifier¿v77¿¿¿Identifier
552¿Literal¿¿400¿{"start":{"line":85,"column":29},"end":{"line":85,"column":32}}¿Literal
553¿VariableDeclarator¿v79¿¿¿VariableDeclarator
554¿MemberExpression¿¿¿{"start":{"line":85,"column":18},"end":{"line":85,"column":38}}¿MemberExpression
555¿Identifier¿v78¿¿¿Identifier
556¿Identifier¿json¿¿{"start":{"line":85,"column":34},"end":{"line":85,"column":38}}¿Identifier
557¿ExpressionStatement¿¿¿{"start":{"line":85,"column":18},"end":{"line":85,"column":62}}¿ExpressionStatement
558¿CallExpression¿¿¿{"start":{"line":85,"column":18},"end":{"line":85,"column":61}}¿CallExpression
559¿Identifier¿v79¿¿¿Identifier
560¿Literal¿¿Missing information¿{"start":{"line":85,"column":39},"end":{"line":85,"column":60}}¿Literal
561¿ReturnStatement¿¿¿{"start":{"line":85,"column":63},"end":{"line":85,"column":70}}¿ReturnStatement
562¿BlockStatement¿¿¿{"start":{"line":85,"column":16},"end":{"line":85,"column":72}}¿BlockStatement
563¿VariableDeclarator¿subscription¿¿{"start":{"line":88,"column":8},"end":{"line":88,"column":41}}¿VariableDeclarator
564¿ObjectExpression¿¿¿¿ObjectExpression
565¿ExpressionStatement¿¿¿¿ExpressionStatement
566¿AssignmentExpression¿¿¿¿AssignmentExpression
567¿MemberExpression¿¿¿¿MemberExpression
568¿Identifier¿subscription¿¿{"start":{"line":88,"column":8},"end":{"line":88,"column":20}}¿Identifier
569¿Identifier¿e_mail¿¿¿Identifier
570¿Identifier¿e_mail¿¿{"start":{"line":88,"column":33},"end":{"line":88,"column":39}}¿Identifier
571¿VariableDeclarator¿v80¿¿¿VariableDeclarator
572¿MemberExpression¿¿¿{"start":{"line":91,"column":2},"end":{"line":91,"column":20}}¿MemberExpression
573¿Identifier¿newsletters¿¿{"start":{"line":91,"column":2},"end":{"line":91,"column":13}}¿Identifier
574¿Identifier¿create¿¿{"start":{"line":91,"column":14},"end":{"line":91,"column":20}}¿Identifier
575¿VariableDeclarator¿v87¿¿¿VariableDeclarator
576¿ArrowFunctionExpression¿576_anon¿¿{"start":{"line":91,"column":36},"end":{"line":94,"column":3}}¿ArrowFunctionExpression
577¿Identifier¿err¿¿{"start":{"line":91,"column":37},"end":{"line":91,"column":40}}¿Identifier
578¿Identifier¿subscribedEmail¿¿{"start":{"line":91,"column":42},"end":{"line":91,"column":57}}¿Identifier
579¿IfStatement¿¿¿{"start":{"line":92,"column":4},"end":{"line":92,"column":82}}¿IfStatement
580¿Identifier¿err¿¿{"start":{"line":92,"column":8},"end":{"line":92,"column":11}}¿Identifier
581¿VariableDeclarator¿v81¿¿¿VariableDeclarator
582¿MemberExpression¿¿¿{"start":{"line":92,"column":15},"end":{"line":92,"column":25}}¿MemberExpression
583¿Identifier¿res¿¿{"start":{"line":92,"column":15},"end":{"line":92,"column":18}}¿Identifier
584¿Identifier¿status¿¿{"start":{"line":92,"column":19},"end":{"line":92,"column":25}}¿Identifier
585¿VariableDeclarator¿v82¿¿¿VariableDeclarator
586¿CallExpression¿¿¿{"start":{"line":92,"column":15},"end":{"line":92,"column":30}}¿CallExpression
587¿Identifier¿v81¿¿¿Identifier
588¿Literal¿¿400¿{"start":{"line":92,"column":26},"end":{"line":92,"column":29}}¿Literal
589¿VariableDeclarator¿v83¿¿¿VariableDeclarator
590¿MemberExpression¿¿¿{"start":{"line":92,"column":15},"end":{"line":92,"column":35}}¿MemberExpression
591¿Identifier¿v82¿¿¿Identifier
592¿Identifier¿json¿¿{"start":{"line":92,"column":31},"end":{"line":92,"column":35}}¿Identifier
593¿ExpressionStatement¿¿¿{"start":{"line":92,"column":15},"end":{"line":92,"column":72}}¿ExpressionStatement
594¿CallExpression¿¿¿{"start":{"line":92,"column":15},"end":{"line":92,"column":71}}¿CallExpression
595¿Identifier¿v83¿¿¿Identifier
596¿Literal¿¿Error subscribing to newsletter.¿{"start":{"line":92,"column":36},"end":{"line":92,"column":70}}¿Literal
597¿ReturnStatement¿¿¿{"start":{"line":92,"column":73},"end":{"line":92,"column":80}}¿ReturnStatement
598¿BlockStatement¿¿¿{"start":{"line":92,"column":13},"end":{"line":92,"column":82}}¿BlockStatement
599¿VariableDeclarator¿v84¿¿¿VariableDeclarator
600¿MemberExpression¿¿¿{"start":{"line":93,"column":8},"end":{"line":93,"column":18}}¿MemberExpression
601¿Identifier¿res¿¿{"start":{"line":93,"column":8},"end":{"line":93,"column":11}}¿Identifier
602¿Identifier¿status¿¿{"start":{"line":93,"column":12},"end":{"line":93,"column":18}}¿Identifier
603¿VariableDeclarator¿v85¿¿¿VariableDeclarator
604¿CallExpression¿¿¿{"start":{"line":93,"column":8},"end":{"line":93,"column":23}}¿CallExpression
605¿Identifier¿v84¿¿¿Identifier
606¿Literal¿¿200¿{"start":{"line":93,"column":19},"end":{"line":93,"column":22}}¿Literal
607¿VariableDeclarator¿v86¿¿¿VariableDeclarator
608¿MemberExpression¿¿¿{"start":{"line":93,"column":8},"end":{"line":93,"column":28}}¿MemberExpression
609¿Identifier¿v85¿¿¿Identifier
610¿Identifier¿json¿¿{"start":{"line":93,"column":24},"end":{"line":93,"column":28}}¿Identifier
611¿ExpressionStatement¿¿¿{"start":{"line":93,"column":8},"end":{"line":93,"column":46}}¿ExpressionStatement
612¿CallExpression¿¿¿{"start":{"line":93,"column":8},"end":{"line":93,"column":45}}¿CallExpression
613¿Identifier¿v86¿¿¿Identifier
614¿Identifier¿subscribedEmail¿¿{"start":{"line":93,"column":29},"end":{"line":93,"column":44}}¿Identifier
615¿BlockStatement¿¿¿{"start":{"line":91,"column":63},"end":{"line":94,"column":3}}¿BlockStatement
616¿ExpressionStatement¿¿¿{"start":{"line":91,"column":2},"end":{"line":94,"column":5}}¿ExpressionStatement
617¿CallExpression¿¿¿{"start":{"line":91,"column":2},"end":{"line":94,"column":4}}¿CallExpression
618¿Identifier¿v80¿¿¿Identifier
619¿Identifier¿subscription¿¿{"start":{"line":91,"column":21},"end":{"line":91,"column":33}}¿Identifier
620¿Identifier¿v87¿¿¿Identifier
621¿BlockStatement¿¿¿{"start":{"line":83,"column":44},"end":{"line":95,"column":1}}¿BlockStatement
622¿ExpressionStatement¿¿¿{"start":{"line":83,"column":0},"end":{"line":95,"column":3}}¿ExpressionStatement
623¿CallExpression¿¿¿{"start":{"line":83,"column":0},"end":{"line":95,"column":2}}¿CallExpression
624¿Identifier¿v74¿¿¿Identifier
625¿Literal¿¿/subscribe¿{"start":{"line":83,"column":12},"end":{"line":83,"column":24}}¿Literal
626¿Identifier¿v88¿¿¿Identifier
627¿VariableDeclarator¿v89¿¿¿VariableDeclarator
628¿MemberExpression¿¿¿{"start":{"line":97,"column":0},"end":{"line":97,"column":7}}¿MemberExpression
629¿Identifier¿app¿¿{"start":{"line":97,"column":0},"end":{"line":97,"column":3}}¿Identifier
630¿Identifier¿use¿¿{"start":{"line":97,"column":4},"end":{"line":97,"column":7}}¿Identifier
631¿ExpressionStatement¿¿¿{"start":{"line":97,"column":0},"end":{"line":97,"column":15}}¿ExpressionStatement
632¿CallExpression¿¿¿{"start":{"line":97,"column":0},"end":{"line":97,"column":15}}¿CallExpression
633¿Identifier¿v89¿¿¿Identifier
634¿Identifier¿router¿¿{"start":{"line":97,"column":8},"end":{"line":97,"column":14}}¿Identifier
635¿ExpressionStatement¿¿¿{"start":{"line":98,"column":0},"end":{"line":98,"column":21}}¿ExpressionStatement
636¿AssignmentExpression¿¿¿{"start":{"line":98,"column":0},"end":{"line":98,"column":20}}¿AssignmentExpression
637¿MemberExpression¿¿¿{"start":{"line":98,"column":0},"end":{"line":98,"column":14}}¿MemberExpression
638¿Identifier¿module¿¿{"start":{"line":98,"column":0},"end":{"line":98,"column":6}}¿Identifier
639¿Identifier¿exports¿¿{"start":{"line":98,"column":7},"end":{"line":98,"column":14}}¿Identifier
640¿Identifier¿app¿¿{"start":{"line":98,"column":17},"end":{"line":98,"column":20}}¿Identifier
641¿CFG_F_START¿__main__¿¿¿CFG_F_START
642¿CFG_F_END¿__main__¿¿¿CFG_F_END
643¿CFG_F_START¿60_anon¿¿¿CFG_F_START
644¿CFG_F_END¿60_anon¿¿¿CFG_F_END
645¿CFG_IF_END¿89¿¿¿CFG_IF_END
646¿CFG_F_START¿164_anon¿¿¿CFG_F_START
647¿CFG_F_END¿164_anon¿¿¿CFG_F_END
648¿CFG_IF_END¿166¿¿¿CFG_IF_END
649¿CFG_F_START¿207_anon¿¿¿CFG_F_START
650¿CFG_F_END¿207_anon¿¿¿CFG_F_END
651¿CFG_IF_END¿243¿¿¿CFG_IF_END
652¿CFG_F_START¿351_anon¿¿¿CFG_F_START
653¿CFG_F_END¿351_anon¿¿¿CFG_F_END
654¿CFG_IF_END¿353¿¿¿CFG_IF_END
655¿CFG_F_START¿394_anon¿¿¿CFG_F_START
656¿CFG_F_END¿394_anon¿¿¿CFG_F_END
657¿CFG_F_START¿415_anon¿¿¿CFG_F_START
658¿CFG_F_END¿415_anon¿¿¿CFG_F_END
659¿CFG_IF_END¿418¿¿¿CFG_IF_END
660¿CFG_F_START¿459_anon¿¿¿CFG_F_START
661¿CFG_F_END¿459_anon¿¿¿CFG_F_END
662¿CFG_F_START¿484_anon¿¿¿CFG_F_START
663¿CFG_F_END¿484_anon¿¿¿CFG_F_END
664¿CFG_IF_END¿487¿¿¿CFG_IF_END
665¿CFG_F_START¿529_anon¿¿¿CFG_F_START
666¿CFG_F_END¿529_anon¿¿¿CFG_F_END
667¿CFG_IF_END¿543¿¿¿CFG_IF_END
668¿CFG_F_START¿576_anon¿¿¿CFG_F_START
669¿CFG_F_END¿576_anon¿¿¿CFG_F_END
670¿CFG_IF_END¿579¿¿¿CFG_IF_END
671¿PDG_OBJECT¿o1¿¿¿PDG_OBJECT
672¿PDG_OBJECT¿o2¿¿¿PDG_OBJECT
673¿PDG_OBJECT¿o3¿¿¿PDG_OBJECT
674¿PDG_OBJECT¿o4¿¿¿PDG_OBJECT
675¿PDG_OBJECT¿o5¿¿¿PDG_OBJECT
676¿PDG_OBJECT¿o6¿¿¿PDG_OBJECT
677¿PDG_OBJECT¿o7¿¿¿PDG_OBJECT
678¿PDG_OBJECT¿o8¿¿¿PDG_OBJECT
679¿PDG_OBJECT¿o9¿¿¿PDG_OBJECT
680¿PDG_OBJECT¿o10¿¿¿PDG_OBJECT
681¿PDG_OBJECT¿o11¿¿¿PDG_OBJECT
682¿PDG_OBJECT¿o12¿¿¿PDG_OBJECT
683¿PDG_OBJECT¿o13¿¿¿PDG_OBJECT
684¿PDG_OBJECT¿o14¿¿¿PDG_OBJECT
685¿PDG_OBJECT¿o15¿¿¿PDG_OBJECT
686¿PDG_OBJECT¿o16¿¿¿PDG_OBJECT
687¿PDG_OBJECT¿o17¿¿¿PDG_OBJECT
688¿PDG_OBJECT¿o18¿¿¿PDG_OBJECT
689¿PDG_OBJECT¿o19¿¿¿PDG_OBJECT
690¿PDG_OBJECT¿o20¿¿¿PDG_OBJECT
691¿PDG_OBJECT¿o21¿¿¿PDG_OBJECT
692¿PDG_OBJECT¿o22¿¿¿PDG_OBJECT
693¿PDG_OBJECT¿o23¿¿¿PDG_OBJECT
694¿PDG_OBJECT¿o24¿¿¿PDG_OBJECT
695¿PDG_OBJECT¿o25¿¿¿PDG_OBJECT
696¿PDG_OBJECT¿o26¿¿¿PDG_OBJECT
697¿PDG_OBJECT¿o27¿¿¿PDG_OBJECT
698¿PDG_OBJECT¿o28¿¿¿PDG_OBJECT
699¿PDG_OBJECT¿o29¿¿¿PDG_OBJECT
700¿PDG_OBJECT¿o30¿¿¿PDG_OBJECT
701¿PDG_OBJECT¿o31¿¿¿PDG_OBJECT
702¿PDG_OBJECT¿o32¿¿¿PDG_OBJECT
703¿PDG_OBJECT¿o33¿¿¿PDG_OBJECT
704¿PDG_OBJECT¿o34¿¿¿PDG_OBJECT
705¿PDG_OBJECT¿o35¿¿¿PDG_OBJECT
706¿PDG_OBJECT¿o36¿¿¿PDG_OBJECT
707¿PDG_OBJECT¿o37¿¿¿PDG_OBJECT
708¿PDG_OBJECT¿o38¿¿¿PDG_OBJECT
709¿PDG_OBJECT¿o39¿¿¿PDG_OBJECT
710¿PDG_OBJECT¿o40¿¿¿PDG_OBJECT
711¿PDG_OBJECT¿o41¿¿¿PDG_OBJECT
712¿PDG_OBJECT¿o42¿¿¿PDG_OBJECT
713¿PDG_OBJECT¿o43¿¿¿PDG_OBJECT
714¿PDG_OBJECT¿o44¿¿¿PDG_OBJECT
715¿PDG_OBJECT¿o45¿¿¿PDG_OBJECT
716¿PDG_OBJECT¿o46¿¿¿PDG_OBJECT
717¿PDG_OBJECT¿o47¿¿¿PDG_OBJECT
718¿PDG_OBJECT¿o48¿¿¿PDG_OBJECT
719¿PDG_OBJECT¿o49¿¿¿PDG_OBJECT
720¿PDG_OBJECT¿o50¿¿¿PDG_OBJECT
721¿PDG_OBJECT¿o51¿¿¿PDG_OBJECT
722¿PDG_OBJECT¿o52¿¿¿PDG_OBJECT
723¿PDG_OBJECT¿o53¿¿¿PDG_OBJECT
724¿PDG_OBJECT¿o54¿¿¿PDG_OBJECT
725¿PDG_OBJECT¿o55¿¿¿PDG_OBJECT
726¿PDG_OBJECT¿o56¿¿¿PDG_OBJECT
727¿PDG_OBJECT¿o57¿¿¿PDG_OBJECT
728¿PDG_OBJECT¿o58¿¿¿PDG_OBJECT
729¿PDG_OBJECT¿o59¿¿¿PDG_OBJECT
